cement,blast_furnace_slag,fly_ash,water,superplasticizer,coarse_aggregate,fine_aggregate,age,strength
316.1,147.2,185.0,143.3,16.5,938.0,884.0,nan,38.728589296489716
153.0,230.5,98.75,184.0,9.73,941.0,670.0,1.0,52.48546431334968
290.2,102.0,158.0,170.17,9.61,932.0,734.3,90.0,59.702571539250506
229.68,259.7,87.0,175.6,6.72,1057.6,734.0,270.0,50.98861562263741
250.0,145.0,143.2,201.7,15.6,987.76,728.0,28.0,49.353464470078976
500.1,114.6,179.0,170.0,8.6,1038.0,674.3,365.0,48.43677034303026
238.0,143.0,141.0,188.6,12.7,1060.0,665.6,120.0,73.73375124612042
212.52,243.5,100.39,164.77,7.0,958.2,839.2,7.0,73.74818209924062
150.7,151.2,152.0,181.0,9.2,829.0,852.1,91.0,43.08512460459245
277.19,11.0,99.6,193.0,9.0,870.0,821.0,90.0,36.074703933367324
164.2,100.5,141.6,158.11,7.79,985.8,770.1,91.0,21.771861304235063
280.0,13.61,100.39,177.4,12.25,828.7,804.0,90.0,63.98671351985092
298.0,209.4,112.0,146.14,3.1,1059.4,656.0,100.0,73.51777335498578
446.0,145.0,172.37,146.0,8.92,854.0,643.0,90.0,28.06672551495047
212.07,214.0,142.0,153.5,7.48,878.0,758.59,100.0,19.273522688465206
505.0,110.5,142.7,219.7,10.6,949.91,707.9,56.0,46.90709315367283
333.0,160.5,124.25,167.0,11.61,970.4,676.0,1.0,38.42522881253082
382.0,47.5,134.0,163.81,13.0,1086.8,815.0,270.0,61.11180246777754
255.5,342.1,141.0,167.9,20.8,1056.4,847.01,3.0,40.3575758712117
249.1,119.0,89.0,166.6,9.03,895.0,712.9,7.0,57.70002138566298
307.0,15.0,124.78,166.6,7.56,990.0,757.0,14.0,45.16843030452269
250.0,189.2,185.0,158.0,10.37,1145.0,794.0,360.0,62.84109844117496
147.8,250.2,86.0,147.4,5.5,973.9,885.0,14.0,27.131044943225465
522.0,42.22,95.0,220.1,20.8,1007.2,781.2,28.0,46.916582905724006
139.6,143.0,124.13,127.3,3.93,946.5,844.0,120.0,40.55057833745337
277.0,119.7,128.0,180.0,7.91,897.7,817.0,1.0,37.2284032799782
143.6,164.2,118.6,151.4,5.2,904.0,868.0,270.0,34.20542119711667
157.0,210.2,125.4,158.33,12.2,943.0,656.0,7.0,49.503874151057325
277.19,122.6,96.67,159.0,7.9,1058.7,880.4,360.0,45.2384296532559
152.6,26.0,127.7,164.77,12.1,889.8,785.3,3.0,50.70815739163308
150.9,143.0,106.7,170.17,15.6,882.0,636.0,90.0,29.57868388085647
173.81,161.6,138.0,170.6,15.3,1022.0,875.61,7.0,44.525974590079855
142.0,117.0,136.0,163.81,4.46,971.0,749.3,100.0,28.869010668891892
332.5,118.0,125.4,181.74,9.2,1076.2,828.0,270.0,67.27732441665806
260.0,38.0,115.6,162.0,28.2,882.6,785.52,56.0,69.65681242475057
250.0,26.0,95.69,181.71,11.1,878.2,942.0,7.0,85.15805326650744
167.95,166.8,118.16,195.0,11.33,1012.0,840.5,1.0,53.185202231531726
164.2,169.6,123.0,168.0,0.0,1088.0,744.0,180.0,25.492589579828625
273.0,124.1,174.24,166.6,5.2,1022.0,754.0,360.0,16.22930192792191
322.0,169.4,112.3,188.45,6.0,923.0,704.0,91.0,68.56633661728566
525.0,282.8,90.0,171.2,8.9,909.7,759.3,14.0,23.55264013230264
262.0,132.4,86.0,165.62,6.35,1047.0,798.9,365.0,54.45137500672432
290.2,174.0,174.74,163.6,9.73,1053.5,659.9,360.0,19.085755037126155
149.5,11.0,123.0,170.21,5.33,887.0,762.9,7.0,78.02885683187635
330.5,200.0,161.0,154.61,8.8,1002.0,680.0,28.0,64.56969726826075
272.8,180.0,98.0,185.7,10.4,887.0,812.0,91.0,16.801932404091527
298.1,26.0,133.0,170.17,9.61,1030.0,697.0,120.0,71.39934435910678
380.0,153.0,158.0,154.0,18.6,859.0,741.0,28.0,42.39222208043914
325.0,129.9,0.0,191.6,4.63,955.14,762.9,100.0,78.64733512948303
140.0,214.0,174.9,158.33,11.66,977.6,771.9,3.0,51.36412432089914
167.35,145.3,143.57,188.45,16.5,991.0,875.61,7.0,13.523878316271624
193.5,100.0,125.08,154.79,11.91,1033.0,790.0,14.0,42.54079465895319
279.8,212.5,95.64,181.2,11.9,916.6,614.0,120.0,49.417857396356155
290.35,76.0,100.0,220.1,5.7,971.8,903.59,56.0,40.56535606583993
313.0,106.3,148.0,164.03,6.13,1023.3,744.3,270.0,21.575273833707758
133.0,137.0,100.4,177.6,5.75,801.1,785.38,3.0,14.693402732837233
500.1,166.8,107.0,143.3,4.46,961.0,643.0,56.0,32.060651939914365
212.57,112.0,121.62,144.7,8.26,1090.0,695.0,180.0,70.80467628937416
387.0,98.8,183.9,155.63,32.2,908.0,712.9,180.0,38.00792743555298
310.0,190.1,167.0,176.46,18.0,949.91,788.9,7.0,57.146486682629
259.9,120.5,200.1,179.6,6.35,852.1,856.4,91.0,48.16097369860127
141.3,163.0,100.39,154.61,3.93,920.0,660.0,1.0,46.20424835012468
246.83,187.0,121.89,181.6,5.46,917.0,822.2,7.0,27.680518574214364
380.0,149.0,82.0,178.8,6.0,1104.0,757.0,360.0,42.488755643602
218.85,183.4,175.0,237.0,12.1,991.0,623.0,365.0,49.411882827017365
261.0,163.0,106.2,160.0,11.0,892.4,690.0,100.0,76.03032491672082
387.0,114.0,121.89,195.7,9.5,1088.0,744.0,7.0,80.39692614230994
400.0,259.7,132.6,213.0,7.84,827.0,789.0,180.0,56.5946905257881
148.5,133.7,125.4,220.0,11.64,1060.0,696.0,100.0,20.931990684495865
229.97,132.4,165.7,197.0,28.2,898.0,800.89,120.0,34.98073879714155
184.0,288.0,119.8,162.0,3.93,860.0,800.1,360.0,42.45001823241371
151.0,112.3,121.97,160.0,9.8,904.0,880.0,365.0,18.08347740345808
375.0,151.2,97.0,163.0,9.41,1145.0,844.0,91.0,61.995872321165564
152.6,210.2,98.75,175.6,10.4,1061.0,781.0,28.0,45.357534036641354
222.36,97.0,90.3,179.0,11.6,998.0,754.0,1.0,46.53482700793636
446.0,193.5,103.3,143.3,7.0,1013.0,804.0,7.0,29.92378781494301
158.8,153.0,123.78,172.0,9.0,961.0,764.3,180.0,59.86170922472478
331.0,86.0,121.62,145.0,5.5,922.6,636.0,120.0,80.12648624473303
424.0,129.9,125.8,175.5,11.5,940.0,822.2,28.0,68.34322864903102
229.97,98.06,200.0,173.0,6.4,864.0,761.0,7.0,28.22207977003616
298.1,166.4,167.0,178.8,7.48,986.0,757.63,100.0,33.160948327070386
261.9,172.6,119.8,175.5,11.0,904.0,761.0,91.0,64.00878527974076
210.7,137.2,91.0,221.0,6.2,838.4,692.6,180.0,42.6414899784439
250.0,162.0,184.0,195.7,1.9,929.8,789.3,56.0,27.98922987807865
322.2,128.0,142.8,171.54,15.6,999.7,824.0,28.0,61.699360273931084
265.0,342.1,94.58,175.46,3.4,1091.4,817.0,3.0,47.949566424591914
261.9,97.0,79.0,170.17,4.46,949.91,900.9,270.0,46.89527766488581
355.9,214.0,93.9,157.0,9.8,867.0,694.6,360.0,40.225863237867756
218.23,173.0,163.27,190.7,6.13,942.0,781.2,14.0,74.729823019785
299.8,169.0,174.24,147.4,9.88,879.6,815.2,3.0,59.994656208149756
202.0,239.0,138.0,174.8,1.72,1006.3,704.3,56.0,30.570743037318415
222.36,147.2,86.0,173.96,8.19,919.0,829.0,91.0,24.747788314081262
350.0,282.8,125.4,164.0,5.53,909.7,643.0,14.0,38.071935133570584
491.0,155.5,182.0,200.3,6.0,1056.0,820.0,14.0,29.64901758211017
491.0,11.0,71.5,191.6,9.52,868.6,623.0,28.0,46.3161710616817
307.0,151.2,150.0,195.7,9.0,1004.6,804.01,56.0,40.00786037011532
151.8,174.0,128.62,159.21,11.91,1022.8,643.5,360.0,38.136634801746155
380.0,184.0,122.0,185.8,18.6,1028.4,613.2,14.0,28.216567649465244
155.2,160.5,125.18,193.3,6.1,953.4,705.2,360.0,77.61677765018865
255.0,53.8,127.7,183.8,7.56,849.0,712.9,28.0,38.5066222109711
380.0,183.4,194.9,159.35,13.93,1030.0,794.91,100.0,29.67688735669121
153.6,173.0,121.62,167.5,9.61,1125.0,699.0,180.0,45.64437155671383
139.6,183.4,133.6,221.0,12.0,904.0,735.6,14.0,62.12163664983233
133.0,97.1,190.0,189.29,2.0,938.2,763.0,270.0,49.20027416199803
321.0,188.0,82.0,181.9,9.88,968.0,852.1,7.0,74.63142644491938
190.34,190.0,94.58,220.1,9.41,1012.0,674.8,28.0,13.639974255616188
475.0,272.8,118.6,181.4,10.9,991.0,867.7,14.0,30.97331229972286
266.0,243.5,126.0,195.0,3.93,1088.1,657.9,7.0,73.216015500025
265.0,119.0,163.83,195.47,8.5,1076.2,779.32,120.0,48.473259668583836
172.38,143.0,139.0,173.8,3.93,1052.3,692.6,120.0,83.73598959711379
336.5,99.0,184.0,181.2,8.9,941.6,699.0,28.0,65.15557432095812
251.81,166.8,124.13,246.9,5.0,1134.3,868.7,1.0,22.123642250420207
376.0,236.0,0.0,183.0,12.1,819.2,780.65,56.0,21.367430771083846
246.83,210.7,143.2,187.6,0.0,968.0,842.6,7.0,58.51279173439325
164.6,145.0,132.6,155.63,15.9,968.0,875.61,28.0,9.904689277191814
285.0,86.0,128.62,170.1,6.3,996.0,758.59,270.0,31.215880701034283
218.85,153.0,100.0,153.5,11.83,931.3,780.65,7.0,20.69561278735855
331.0,47.5,133.0,156.76,9.73,974.0,796.15,91.0,22.311748015173073
220.8,166.4,142.7,172.34,19.0,1052.3,863.0,56.0,68.02727786195562
143.6,200.9,161.0,172.34,9.0,897.7,643.0,90.0,36.64530478464502
154.8,98.06,86.5,186.66,7.8,1053.5,675.0,56.0,32.51034215482929
321.0,170.2,174.24,180.3,7.77,896.0,779.32,365.0,11.384555304936235
380.0,149.0,0.0,141.8,18.6,1055.6,676.0,28.0,37.59319191534488
173.0,206.5,106.2,121.75,9.45,1055.6,763.0,100.0,46.08485189655747
288.4,116.8,163.83,193.8,8.8,1004.6,684.0,14.0,21.1159088807104
289.0,163.9,0.0,195.4,7.5,1056.0,694.1,28.0,57.112221206635844
277.0,141.3,90.0,161.85,5.46,1014.3,884.0,120.0,47.921399148514375
133.0,75.4,100.39,153.5,5.69,1074.0,679.7,3.0,25.694273359244292
424.0,144.0,150.4,145.9,12.1,1119.0,785.6,3.0,64.88609595107049
385.0,53.8,132.1,154.61,9.6,1001.8,852.16,91.0,46.90459079845265
143.8,149.0,121.62,181.74,12.25,1113.0,717.8,28.0,61.407221805027405
150.9,129.9,127.7,180.0,8.9,998.0,641.0,100.0,69.96477586378106
380.0,136.3,174.24,159.35,8.9,935.0,992.6,7.0,51.24253136906727
374.0,188.0,127.7,186.0,8.19,835.0,806.2,56.0,79.4540958025637
144.0,134.0,24.52,172.34,10.0,940.6,722.5,270.0,76.6494376703424
304.0,99.0,99.94,179.94,11.1,887.0,688.7,100.0,23.755025327510864
192.0,42.08,190.0,203.5,9.41,953.0,806.0,3.0,62.351018179586845
184.0,156.0,0.0,146.0,12.8,1005.8,631.0,270.0,43.328850773475864
236.0,15.0,137.0,180.31,11.33,1006.3,821.4,7.0,41.249489116600074
505.0,119.7,71.0,197.0,11.7,1118.0,657.0,90.0,38.35982572918079
387.0,153.0,100.52,200.3,10.0,1053.6,945.0,3.0,30.682308757216113
151.0,98.8,82.0,157.9,6.7,1111.0,739.0,90.0,27.244077516912476
236.9,190.1,78.0,175.1,4.49,811.0,685.0,14.0,43.07866994788844
261.9,26.0,174.24,185.0,2.5,942.0,871.8,90.0,29.515867416967637
153.0,170.2,76.0,196.0,2.5,864.5,805.3,3.0,56.67155409327068
133.0,135.7,112.3,174.0,4.49,838.1,697.0,360.0,36.45311513570223
326.0,209.0,150.4,126.6,8.4,1069.3,796.15,91.0,63.429281464069405
255.3,116.0,93.9,193.3,12.1,1006.3,899.76,120.0,80.19969793702562
336.0,157.0,107.0,170.0,14.32,887.0,770.0,100.0,44.481104102620236
323.7,101.0,164.0,180.0,16.5,1066.0,759.0,180.0,45.89756801475892
469.0,203.5,24.52,209.7,6.35,936.2,695.9,28.0,57.197652118693306
147.0,290.2,141.0,121.75,7.48,999.7,861.17,100.0,47.00940752142465
162.0,190.0,24.46,220.0,7.5,1030.0,845.0,180.0,58.002986092279016
425.0,15.0,86.0,187.6,11.3,882.0,850.0,28.0,59.87329598715634
540.0,282.8,183.9,181.9,7.48,853.0,884.0,180.0,57.21043952957346
237.5,76.0,113.2,200.0,11.99,968.0,762.2,56.0,46.725024488929655
469.0,160.5,118.31,159.0,12.25,942.0,753.45,7.0,48.8490195127358
425.0,26.0,137.9,159.35,16.1,845.0,812.0,14.0,54.85672210981837
302.0,170.2,167.01,164.9,7.8,853.0,863.0,7.0,68.28642066594313
150.7,19.0,167.01,169.59,7.1,1014.3,782.46,1.0,33.99804486276899
313.3,137.2,174.24,173.8,6.65,986.0,714.3,90.0,41.67810775016274
276.4,116.0,100.39,193.0,3.0,867.0,696.0,28.0,21.311543045795883
167.95,262.2,137.0,147.4,11.66,835.5,696.7,14.0,64.64405173668496
318.0,164.0,91.7,170.17,11.91,1004.6,849.0,3.0,23.930246742942742
397.0,163.0,107.0,210.0,5.69,1061.0,754.0,91.0,62.927179771608195
331.0,132.4,118.27,188.45,10.35,1046.9,772.2,120.0,50.82862058816645
297.16,50.0,121.35,160.7,15.3,961.0,804.01,100.0,19.65555286886888
194.68,161.0,127.9,156.76,8.92,1006.3,749.1,365.0,59.13863508903343
144.8,359.4,182.1,221.0,5.46,977.6,827.0,28.0,65.79844749587382
275.0,121.0,163.83,210.0,8.71,825.1,709.5,28.0,45.24861676997462
147.8,166.0,113.0,140.0,13.93,888.0,784.0,270.0,79.22303598558878
318.8,19.0,124.13,193.3,9.03,832.6,676.0,7.0,29.459774051187715
424.0,102.0,163.27,158.11,16.1,895.2,884.3,28.0,62.372039822214376
203.5,17.2,125.18,178.9,20.0,936.0,861.17,365.0,81.48475838304603
237.5,117.2,125.18,203.5,7.0,978.0,817.0,1.0,19.20320246131964
262.0,129.8,117.54,186.66,5.53,1043.6,709.7,120.0,65.16336984629378
469.0,207.0,143.57,201.3,11.0,870.1,880.4,3.0,66.69669293095068
321.0,100.5,115.6,151.4,2.2,1086.8,623.0,100.0,46.62291347023396
190.34,112.3,117.54,181.74,15.6,880.0,769.3,28.0,69.1258467601346
260.9,13.61,129.7,173.8,11.3,948.9,709.0,3.0,28.85967370087758
143.0,129.8,138.7,167.9,8.71,1052.3,842.6,56.0,76.32665213031584
153.0,151.2,195.0,160.0,10.8,814.1,719.7,3.0,35.97395929332408
145.0,184.0,163.83,171.0,10.7,1038.0,749.0,91.0,38.33724249786138
153.0,110.5,78.4,185.0,9.41,972.6,680.0,180.0,23.437018908066296
158.6,196.0,136.0,218.0,9.8,1088.1,666.0,100.0,43.96382302187062
323.7,133.0,89.0,164.77,4.63,965.4,709.7,100.0,50.919735347734864
192.0,17.2,182.0,168.08,11.7,1012.0,825.0,28.0,30.206976140990115
183.9,86.0,91.0,170.1,7.8,1007.3,827.0,28.0,34.93937103894713
194.68,206.5,118.6,170.17,10.7,932.0,852.1,120.0,39.12288750929161
136.4,111.0,164.0,177.6,2.0,1007.3,778.45,56.0,18.39513930392156
145.4,151.2,133.0,191.84,9.41,946.5,760.1,100.0,44.91708794409331
450.1,145.0,179.0,170.21,8.3,1013.2,735.6,14.0,45.16618305461616
158.6,106.3,86.5,181.0,13.13,904.4,789.3,28.0,52.797330738879076
132.0,99.0,146.0,200.6,3.93,1023.3,875.61,3.0,19.368012502502477
261.0,230.5,121.97,155.7,5.33,864.0,761.0,56.0,30.173684345394733
251.37,192.0,163.0,201.3,16.5,929.8,893.0,91.0,28.198860969689783
480.0,145.0,128.62,183.2,6.35,801.1,805.0,100.0,20.454651273649752
389.9,178.0,100.39,185.8,6.72,866.9,870.32,100.0,61.49011877050959
332.5,120.5,125.08,213.5,22.0,907.9,784.3,56.0,39.69518782481931
184.0,243.5,60.0,179.6,11.64,895.2,785.6,120.0,59.21125284281597
491.0,97.82,182.1,180.0,5.9,895.2,712.2,91.0,20.92449987384937
275.0,359.4,91.7,177.6,9.52,989.6,856.4,100.0,17.78462137900178
136.4,139.0,166.0,163.81,6.86,1056.0,800.0,180.0,68.5999552330284
299.8,236.8,150.0,170.6,22.0,958.2,660.0,91.0,55.2762255339218
213.76,102.0,138.7,127.3,5.7,867.0,757.0,365.0,19.81597537988412
133.1,236.8,109.0,166.61,5.0,951.0,760.1,365.0,86.37685837725594
342.0,110.5,94.0,198.7,4.567,1057.6,728.0,270.0,48.62477921018068
382.5,145.0,148.0,189.29,11.3,1075.0,770.1,28.0,54.24921920598856
265.0,148.9,94.0,159.35,6.5,864.5,695.9,360.0,40.3411185577793
143.0,144.0,174.9,158.11,4.14,877.2,746.8,270.0,46.80021755709536
150.0,196.0,106.7,228.0,7.9,987.76,822.0,360.0,32.1115155947317
146.5,243.5,113.0,187.6,6.13,932.0,744.5,100.0,51.84792665493303
194.68,214.0,121.89,186.4,12.35,1069.0,774.3,91.0,27.898370568932314
166.09,207.0,183.9,190.5,4.63,967.4,722.5,3.0,22.886858974663795
212.57,134.0,97.39,180.8,12.1,1012.4,676.0,365.0,26.421794220007243
252.5,26.0,173.53,228.0,9.52,924.1,784.3,1.0,16.96309450186925
145.4,359.4,95.0,176.46,12.6,1006.0,905.9,28.0,46.201752923852155
246.83,272.8,143.2,156.76,5.46,1028.4,689.3,14.0,44.712307683920045
252.1,200.9,95.69,194.9,14.3,892.0,736.6,360.0,74.40248299193708
231.75,98.06,115.6,154.61,18.6,985.8,762.2,90.0,11.554944701850207
525.0,0.0,87.0,177.6,17.9,869.0,774.0,360.0,36.028241765023104
273.0,148.9,184.0,193.0,3.4,946.5,675.0,180.0,26.63444256209399
210.7,97.1,142.7,199.0,17.9,904.4,905.9,7.0,39.56948763109322
366.0,161.6,124.78,156.76,11.6,1022.0,865.0,91.0,48.00813903407978
520.0,183.9,123.78,159.35,9.03,967.08,852.16,7.0,46.57159694085584
236.9,157.0,100.39,170.17,9.5,1075.7,822.2,365.0,39.128336078509285
212.07,147.2,123.0,162.0,5.0,1001.9,775.48,28.0,43.64130054107558
505.0,128.9,24.52,221.4,20.8,879.0,856.0,3.0,62.21748331576181
382.0,170.3,106.9,157.0,5.0,985.8,744.3,3.0,20.029704522327464
397.0,158.8,78.4,171.2,11.91,1023.0,710.0,91.0,52.44566075270713
144.0,156.0,159.9,221.4,16.5,825.1,802.0,270.0,52.07255414352112
167.35,164.2,89.3,160.0,8.8,929.8,785.52,28.0,29.15234622196705
366.0,181.9,165.7,180.8,9.41,1004.6,780.09,91.0,34.60606277216591
520.0,177.0,194.0,186.66,15.9,1014.3,899.76,28.0,64.94099830019931
276.4,200.9,24.51,199.0,18.8,1134.3,781.0,90.0,83.95064721549358
531.3,140.0,119.0,200.0,18.6,935.4,865.0,100.0,48.14609803846551
144.0,144.0,90.3,194.9,10.3,880.0,689.0,365.0,33.597861386822736
381.4,100.0,90.3,247.0,7.0,1134.3,728.9,56.0,66.10685956711266
288.4,117.6,111.9,157.0,10.0,888.0,613.2,14.0,22.006689498745615
350.0,187.0,136.6,192.94,9.6,965.0,781.2,7.0,36.73910410040949
500.1,20.0,87.0,170.21,10.35,1063.0,783.0,28.0,27.32156807356617
330.5,210.7,99.94,127.0,23.4,835.0,796.15,180.0,43.25299842411567
425.0,11.0,94.58,173.8,10.16,1006.0,790.4,180.0,66.48196317653426
231.75,17.5,121.97,172.4,8.5,1052.3,796.15,28.0,59.53861930633118
254.0,180.0,87.5,158.1,7.1,935.4,790.4,28.0,44.95675812868674
307.0,93.37,143.2,158.0,11.4,1090.0,859.2,56.0,24.04739558102122
212.07,151.2,139.0,210.0,11.91,846.8,850.6,91.0,18.081523514824887
102.0,260.0,142.8,187.6,2.2,985.8,777.8,100.0,29.721133976216237
252.0,160.5,78.4,194.9,10.91,1069.0,780.09,28.0,65.1559527533575
143.7,119.7,172.37,156.76,8.4,822.0,884.3,91.0,48.62145367315164
424.0,101.0,174.74,191.84,8.9,971.8,852.1,120.0,42.116888359440814
273.0,161.0,112.0,192.94,10.0,1083.4,880.4,28.0,24.820603023799592
339.0,207.0,59.0,228.0,6.47,848.0,794.91,270.0,47.03228270546118
379.5,272.8,79.0,175.1,6.47,979.0,736.6,180.0,62.59374562255104
342.0,175.0,94.0,154.61,8.92,811.0,868.0,3.0,48.69960475205424
297.0,24.0,93.9,180.2,10.7,825.0,613.0,14.0,36.2545716408735
170.3,17.5,115.6,151.4,5.85,1046.9,794.0,7.0,59.256618336144385
298.2,137.2,127.7,180.31,4.14,940.6,641.0,90.0,19.00240068319893
265.0,47.5,163.0,159.35,22.1,963.4,875.61,100.0,23.650801141097258
144.0,209.0,86.0,168.0,3.93,869.0,781.0,360.0,24.178945531631776
304.0,214.0,132.0,246.9,11.6,986.0,689.0,28.0,66.94360130811722
183.9,124.1,137.9,178.0,9.2,961.18,641.0,3.0,66.33132028622768
520.0,137.0,187.0,219.7,8.2,970.0,710.0,180.0,77.43269466664897
318.0,119.0,194.9,188.45,12.1,867.0,802.0,1.0,38.449962667833915
116.0,238.2,200.0,160.6,9.73,1004.6,992.6,7.0,48.089850056844085
192.0,45.21,173.53,185.0,11.83,967.0,859.2,1.0,17.621406768105114
261.0,133.7,158.0,170.1,12.7,1111.0,762.36,360.0,16.813801985337513
389.9,98.8,172.37,219.7,4.63,953.4,901.8,91.0,30.468874212886668
262.0,180.0,194.0,192.0,15.9,904.4,763.0,28.0,28.531461487890017
446.0,17.5,136.0,201.0,6.47,936.0,746.6,365.0,68.32897906905794
401.8,106.3,87.5,157.0,8.8,956.86,771.9,180.0,41.37658898400501
321.0,316.1,173.53,196.0,7.0,864.0,757.0,28.0,82.31045756817194
144.8,128.0,118.16,176.0,9.1,849.3,754.0,56.0,43.14063026314223
316.1,114.0,119.0,172.34,18.8,1091.4,736.6,7.0,23.01234884783566
151.0,177.0,76.0,160.6,6.7,879.0,713.0,90.0,23.63264028490805
158.6,145.0,136.6,155.63,9.6,923.2,856.0,14.0,15.294679504690054
350.0,164.0,122.0,172.34,9.2,878.0,884.3,28.0,56.28908922977173
336.5,111.0,143.2,166.7,20.8,838.0,730.4,28.0,37.354423289805034
323.7,137.2,126.0,195.5,3.0,1085.4,780.09,90.0,41.59419839002879
255.5,97.0,100.39,221.4,5.72,909.8,695.4,28.0,55.212199790673836
252.31,19.0,97.0,191.3,6.3,1113.0,753.45,91.0,52.992340835122775
380.0,203.5,129.7,165.62,11.61,951.0,623.0,270.0,39.94102800817561
156.0,163.0,121.89,160.7,16.1,1075.7,829.0,100.0,65.32742959748404
173.54,122.6,117.54,194.9,10.3,835.0,714.3,365.0,79.5331293840979
285.0,158.8,93.9,181.74,16.1,820.0,759.3,3.0,75.12556193786949
286.3,189.2,106.9,156.76,4.49,1050.0,762.0,360.0,37.210099471584364
255.0,288.0,124.25,121.75,8.8,919.0,885.0,28.0,30.437801148343688
152.0,163.9,89.0,203.0,18.3,1134.3,800.1,90.0,35.52082338329056
150.9,121.0,174.24,201.9,10.8,991.0,709.0,90.0,44.48867941841239
339.2,167.0,150.4,201.3,7.2,948.9,795.0,7.0,66.19068857869296
135.7,97.82,125.18,169.9,12.1,1074.0,744.5,100.0,49.967701155673396
427.5,45.21,100.0,159.21,8.6,1061.7,900.9,3.0,49.652545394735824
236.9,75.4,163.0,184.0,6.86,835.5,869.0,100.0,51.680894259294
160.2,139.9,139.0,175.8,11.33,1025.0,804.0,28.0,49.67004233271342
134.7,117.6,141.0,247.0,14.17,938.2,784.3,7.0,44.4673950018218
297.16,166.4,71.5,170.17,22.0,887.0,674.3,91.0,25.36550698902835
322.2,119.0,163.0,154.79,10.6,909.8,688.2,28.0,65.3092380818659
135.0,238.7,136.0,164.77,10.8,1031.0,780.3,28.0,25.811993405542786
145.4,157.0,97.0,177.6,22.0,1030.0,710.0,28.0,79.67772795233542
397.0,203.5,86.1,168.3,5.46,990.0,802.3,360.0,14.920395996688145
500.0,45.21,78.4,157.0,9.41,828.7,806.2,14.0,43.546130907512165
155.6,0.02,99.94,179.0,11.64,942.0,794.91,90.0,69.9915348015149
149.0,169.6,89.3,214.0,4.46,1043.6,780.65,7.0,35.89820080184413
151.6,128.9,132.0,164.0,8.5,1055.0,820.0,91.0,58.960277124457846
158.4,42.08,194.9,195.23,10.0,1059.4,806.9,3.0,39.29349566535032
516.0,164.0,78.3,181.71,11.4,1119.0,749.3,270.0,35.8141841969662
136.4,132.6,95.0,177.4,8.92,1145.0,659.9,1.0,49.04420816411372
525.0,110.5,106.2,198.7,11.33,975.6,779.32,91.0,34.42188647943006
427.5,260.0,71.0,191.3,11.61,1006.0,721.0,100.0,50.45646944582083
146.0,160.5,125.18,195.0,8.0,948.9,774.0,7.0,64.79980464590851
379.5,166.8,122.0,179.6,14.3,852.1,812.0,28.0,62.503559532887266
159.0,305.3,185.3,188.6,4.49,880.0,800.89,14.0,39.99426124234408
167.0,260.0,111.2,199.0,22.1,956.86,689.3,7.0,45.34956337275044
475.0,183.0,121.35,219.7,3.93,1086.8,721.0,7.0,80.56944832825153
147.0,0.0,107.0,197.89,7.4,1000.0,799.54,91.0,39.77363457532099
158.4,238.7,143.0,200.0,6.65,1007.2,809.0,28.0,44.92816126340926
314.0,166.0,89.3,174.8,7.48,1012.4,768.3,100.0,66.13290096530584
147.8,0.0,172.37,176.46,14.32,1023.0,865.0,28.0,37.926172574660846
116.0,250.0,95.0,160.7,7.84,867.0,800.1,91.0,50.356734201166084
210.7,153.0,174.74,220.1,23.4,1075.7,749.0,14.0,35.20562417535503
389.9,189.2,148.1,191.0,10.7,1003.5,757.63,56.0,54.431960544254515
321.0,237.5,92.0,165.0,5.9,1076.2,871.8,14.0,30.55319601682833
150.7,75.4,172.0,180.2,10.35,1047.4,655.3,56.0,82.18841542187424
307.0,230.5,174.74,203.5,6.3,923.2,695.0,365.0,31.520445686468804
331.0,230.0,163.0,156.76,15.9,879.0,789.3,100.0,47.08910956491407
281.0,17.6,125.8,182.9,8.8,1113.0,817.0,28.0,26.944127322572037
159.8,188.0,115.6,212.0,11.4,923.2,805.3,270.0,21.390544552822604
133.0,156.0,166.0,173.5,11.4,1002.0,779.7,28.0,13.509926342360306
531.3,54.64,78.4,144.7,7.0,925.3,652.0,90.0,51.91623226502933
337.9,170.3,118.31,202.5,6.0,864.5,761.5,270.0,19.116481117826865
321.0,238.7,174.9,189.29,11.2,923.0,800.0,180.0,42.82092379993957
307.0,22.0,121.35,201.0,13.0,965.0,845.0,56.0,35.19981811546738
261.0,97.1,163.0,181.1,6.72,845.0,759.5,180.0,14.073086494322455
156.0,160.5,121.35,179.0,4.6,923.0,788.9,14.0,63.713978494667195
313.0,42.22,136.0,192.94,7.48,938.0,776.35,100.0,34.24573821051747
531.3,187.0,112.3,126.6,11.7,975.6,896.0,120.0,74.51329677738033
281.0,163.0,194.0,187.6,10.8,925.0,800.89,28.0,63.718674224482356
252.0,178.1,190.0,179.94,9.88,986.0,748.5,100.0,26.81266340196477
152.6,95.0,117.54,183.2,11.25,801.1,756.7,28.0,30.502751433099636
194.68,42.22,111.2,137.8,3.1,1014.3,656.0,7.0,24.42178575460153
167.35,116.8,141.6,164.0,9.0,833.0,712.2,100.0,19.280706968784678
151.8,42.08,141.6,163.0,7.0,970.0,776.35,270.0,66.85160669656402
145.0,19.0,150.4,195.4,3.0,1030.0,720.0,7.0,58.93112880292236
266.2,250.0,78.4,170.21,10.91,1012.0,754.0,3.0,67.94684621127425
154.0,47.5,107.5,155.7,9.6,868.6,815.2,100.0,26.114358640335833
279.8,38.0,138.0,212.0,11.4,947.04,821.0,90.0,45.039115664684346
491.0,116.0,136.0,159.48,9.9,1057.6,630.0,360.0,22.563890716651315
141.9,100.0,113.0,168.4,7.48,1052.3,846.0,7.0,23.162865313990523
393.0,135.7,86.1,178.1,5.85,968.0,612.0,56.0,72.58132685123724
276.4,128.9,97.0,247.0,32.2,1053.6,688.0,7.0,64.90561076066261
139.7,166.4,129.7,179.94,6.5,986.0,684.0,3.0,49.55612822235092
325.0,137.2,163.0,154.0,5.75,907.9,636.0,28.0,27.1176942342795
152.0,290.2,93.9,178.8,18.6,827.0,889.01,180.0,62.81544375902898
167.95,237.0,161.0,181.1,9.45,848.0,674.3,7.0,67.60303902862015
192.0,183.9,79.0,154.61,10.4,932.0,802.3,28.0,27.56199325608331
153.6,106.3,123.78,202.0,9.8,819.2,722.5,90.0,62.3763211425602
339.2,184.0,125.8,162.0,8.9,888.0,780.3,270.0,64.88192591338198
276.4,178.1,100.52,160.7,9.73,940.0,762.36,365.0,45.58915786982363
142.0,119.0,87.5,171.54,10.35,1079.0,853.0,180.0,50.97814762108155
255.5,167.0,97.39,172.34,6.65,935.4,630.0,365.0,42.4818583099014
280.0,0.0,106.7,170.1,9.9,1028.4,845.0,365.0,55.08177421846155
236.9,237.5,95.69,166.6,5.53,935.4,760.1,28.0,44.69062815892538
355.0,20.0,107.0,191.0,5.33,955.8,623.0,28.0,14.083312439037392
295.8,161.6,161.0,170.6,8.08,938.0,613.2,56.0,35.990990026779265
349.0,101.0,185.3,220.0,10.91,1059.4,943.1,28.0,47.73126380172795
145.0,93.37,93.9,182.0,18.0,929.8,847.01,365.0,49.234779448466405
102.0,129.0,143.57,181.1,11.91,972.6,777.5,7.0,51.69126672750777
520.0,188.0,139.0,186.0,11.6,833.0,744.5,120.0,30.7340372840965
148.0,214.0,106.7,197.89,2.2,888.0,798.9,28.0,48.81499878378169
145.0,97.0,123.0,174.9,1.72,910.0,885.0,1.0,52.73996177912498
190.68,86.0,75.6,159.0,4.49,972.6,665.6,14.0,64.97707543299984
264.5,54.64,111.9,162.0,9.88,878.2,761.5,360.0,51.27810622418933
516.0,342.1,106.9,181.71,5.33,879.0,722.0,360.0,45.6602984075508
153.0,212.0,78.3,198.7,9.5,1086.8,612.0,100.0,66.66067471192295
173.81,144.7,163.0,177.4,11.2,888.0,736.0,56.0,27.742281141168178
480.0,149.0,100.37,165.62,9.9,852.9,782.46,91.0,52.071644531797254
313.3,98.06,79.0,192.0,3.0,974.0,674.3,3.0,41.448172540713365
213.74,117.6,116.0,247.0,11.2,1074.0,785.6,28.0,71.84533521479172
164.2,151.2,159.9,211.5,8.2,879.6,659.9,270.0,60.07857876261097
210.7,102.0,174.9,167.0,5.69,1026.6,895.3,91.0,43.526490237809426
149.5,144.7,106.2,190.0,5.75,1006.2,756.9,3.0,32.285076580947475
212.07,189.0,132.1,158.11,5.69,824.3,769.0,14.0,23.68352896946452
194.68,133.7,121.97,192.94,11.4,961.0,757.0,3.0,76.42074799976605
148.1,100.0,108.6,167.8,5.53,1005.8,880.4,180.0,81.17074495273046
313.0,158.8,128.62,180.0,3.0,936.2,790.0,270.0,50.18693347223184
150.9,236.8,182.0,197.0,8.0,987.76,780.0,56.0,34.69412800018485
252.0,173.0,175.0,159.35,8.1,824.3,688.2,365.0,17.597213348577366
379.5,20.0,158.0,177.0,3.1,1059.4,796.15,7.0,25.831036263026945
255.0,166.0,24.51,182.5,1.9,904.4,641.0,120.0,41.27417232155908
152.6,19.0,123.0,182.0,7.0,943.0,794.0,91.0,79.9142410698195
229.97,97.82,111.9,177.0,9.73,878.0,785.3,3.0,33.792525961969574
276.0,50.0,172.0,164.9,3.4,870.0,688.2,7.0,41.48313037093045
424.0,250.0,167.0,195.23,0.0,1052.3,827.0,120.0,40.12340160947346
251.37,136.0,24.51,203.5,7.77,938.0,889.01,365.0,12.426391432975734
295.71,11.0,115.6,175.6,12.0,814.1,675.0,3.0,39.3846730017835
276.0,94.7,113.2,195.5,11.2,838.0,643.5,100.0,44.216752243405004
220.8,209.0,128.62,201.9,11.91,1012.4,772.0,365.0,48.49885994362735
158.0,50.05,97.39,154.79,28.2,829.0,821.4,14.0,25.973383366572456
158.6,209.0,71.5,177.4,7.48,1090.0,817.0,28.0,47.58173748944396
155.2,102.0,97.0,213.0,6.5,910.0,690.0,180.0,40.728298292721185
264.5,117.2,107.0,185.8,8.71,1074.0,748.5,28.0,23.802846383661866
389.9,119.7,89.0,140.0,11.91,907.9,812.0,7.0,49.90409973865245
135.0,260.0,163.27,158.49,6.86,1056.4,697.0,14.0,18.70459000078706
139.9,190.0,96.18,166.6,16.5,877.2,705.0,100.0,35.54839713496472
389.9,95.0,184.0,169.9,5.0,1047.4,712.0,3.0,18.330706125401772
266.2,170.0,163.83,155.7,10.0,879.6,754.0,90.0,80.17935606869978
285.0,200.0,128.62,221.0,18.6,998.2,822.0,3.0,59.13988641359257
321.3,117.2,99.94,181.71,5.9,978.4,776.35,28.0,32.30057411419918
299.8,112.0,109.0,186.0,5.8,1003.5,785.3,91.0,13.558557708136854
331.0,124.1,100.39,171.0,16.0,878.2,684.0,14.0,52.38281367313881
135.7,45.21,78.3,185.0,6.47,895.2,760.0,90.0,33.665656083369086
272.8,153.0,94.0,146.25,5.2,929.8,863.0,28.0,63.29841811325004
154.8,209.4,126.5,181.74,7.5,1083.4,795.3,3.0,47.64537743277951
264.5,115.0,167.0,159.32,8.26,1026.6,689.3,28.0,56.26812081538324
210.7,139.9,194.0,180.31,6.0,828.7,794.0,28.0,47.33521705362254
290.35,26.0,132.6,158.0,11.0,991.2,749.3,365.0,56.21997891511698
272.8,129.9,92.0,202.5,8.4,1118.8,805.0,14.0,25.199310973490775
393.0,91.7,200.1,146.0,6.47,913.9,762.36,100.0,33.93078189842006
151.6,142.5,113.2,162.14,6.72,949.91,815.2,360.0,67.83705661911222
102.0,206.5,175.0,175.6,4.14,941.6,750.0,120.0,63.12576677019113
236.9,144.0,103.3,189.29,11.66,867.2,805.3,180.0,77.75156631994793
262.0,145.0,121.97,247.0,4.0,1000.0,800.0,3.0,50.09624417482101
220.8,166.4,175.0,143.3,10.91,935.4,861.17,100.0,69.8559041270868
184.0,359.4,86.0,156.76,5.8,838.0,695.0,3.0,44.206116782144946
321.3,172.6,123.78,185.7,6.1,932.0,689.3,365.0,39.96116347310128
313.8,142.8,124.25,179.94,9.45,867.0,779.7,28.0,44.35535988854984
182.04,156.0,129.7,178.0,6.1,941.0,895.3,28.0,62.78460315426584
212.52,128.0,125.8,159.35,0.0,860.5,758.0,28.0,72.49124013955745
236.9,11.0,163.27,185.0,9.0,973.4,745.0,365.0,23.298581131877324
264.5,147.2,133.0,195.23,2.5,838.1,800.0,14.0,27.775012069715736
405.0,110.5,87.0,146.25,17.9,854.0,856.0,120.0,20.32107380512391
144.0,129.0,163.0,155.63,3.93,1003.5,685.0,1.0,41.52962632968107
139.7,17.6,158.0,186.66,4.46,861.0,798.9,28.0,48.10844736789689
158.0,105.0,148.1,173.8,9.45,1022.0,794.0,28.0,45.48674986380132
451.0,236.8,71.0,193.0,7.56,1025.0,800.0,91.0,45.77781658000045
166.0,98.05,89.3,212.0,13.93,941.6,714.3,56.0,21.10883698192675
349.0,24.0,99.6,190.6,12.0,973.9,744.2,270.0,63.59108035700715
469.0,119.0,173.53,170.17,11.33,946.0,613.2,365.0,52.76154143107702
167.95,17.5,124.25,192.0,9.88,944.0,806.9,120.0,68.80310168303166
337.9,236.8,148.1,167.5,6.1,910.0,768.0,91.0,43.73565982906251
151.8,99.0,121.97,180.31,8.08,833.0,683.9,7.0,35.12688281559094
304.0,183.9,124.13,168.0,10.35,1004.6,789.3,360.0,52.34705350041132
314.0,20.0,175.0,184.4,4.14,1113.0,780.09,28.0,32.922583812193245
143.0,26.0,163.0,170.1,4.567,961.0,803.7,28.0,38.6693098064635
288.4,119.0,127.9,167.9,14.3,1113.0,760.0,14.0,65.98461807644624
162.0,178.1,128.0,197.89,8.5,818.0,735.6,28.0,46.51131145292483
362.6,148.6,167.0,147.4,8.08,825.0,759.0,28.0,48.238298677263636
323.7,20.0,121.62,156.76,8.8,949.0,889.01,28.0,25.30663844038328
151.6,162.4,163.27,219.7,8.0,959.2,808.0,56.0,18.37504451650983
385.0,193.5,143.2,159.32,5.75,1079.0,651.0,90.0,41.57320040538208
164.2,147.2,94.58,174.8,7.56,824.3,760.1,100.0,43.867965524810344
156.0,142.5,128.0,160.7,3.0,898.0,722.0,91.0,28.77323563682068
158.6,101.0,175.0,159.35,7.0,940.0,868.0,28.0,85.32883371962713
286.3,106.3,75.6,157.0,7.84,1006.4,778.4,28.0,60.813835109853486
302.0,24.0,148.0,181.4,3.0,1060.0,839.2,100.0,51.49811054178507
252.31,173.0,79.0,181.1,15.0,1056.4,903.59,180.0,15.212506416337225
252.5,181.9,130.0,181.1,12.6,935.7,806.0,360.0,88.74159377239211
315.0,141.3,86.0,195.7,9.6,1012.4,614.0,3.0,45.932973355326766
167.35,212.0,127.9,169.59,10.37,1088.1,717.8,7.0,56.20635440886413
297.16,97.0,93.9,168.0,12.25,985.8,762.0,56.0,35.87016434465031
190.68,178.1,121.62,188.0,7.0,853.0,806.2,14.0,59.339228039941496
500.1,128.0,24.51,164.03,12.7,970.0,812.0,120.0,64.01201722889293
389.9,262.2,133.6,144.7,7.0,1000.0,685.0,3.0,46.56372452449045
214.9,124.1,187.0,173.0,15.0,1059.4,806.0,90.0,25.86185360528519
212.07,230.0,103.0,178.0,11.4,981.0,696.7,28.0,39.280901915065265
203.5,153.0,172.37,190.0,23.4,967.08,713.0,56.0,44.97641609756644
158.6,147.2,143.2,173.8,7.0,1028.4,732.6,56.0,48.24578820437438
145.9,128.0,187.0,193.3,5.5,1125.0,739.0,3.0,31.400136478681233
214.9,15.0,174.74,183.8,10.37,829.0,641.0,28.0,23.677858739698376
273.0,97.1,132.6,182.9,7.0,1056.0,764.0,28.0,49.61377325958581
158.0,167.0,163.0,246.9,11.91,1061.0,833.0,100.0,57.46325409735252
300.0,161.6,121.62,164.77,18.6,1040.6,781.5,90.0,26.61955317116488
255.5,143.0,129.7,140.0,8.4,897.7,925.7,100.0,42.030947783855964
520.0,183.4,167.0,175.1,7.91,1075.7,868.0,180.0,73.91494433093251
229.97,24.0,112.0,175.1,10.16,909.8,730.0,100.0,21.099390345034376
261.0,38.0,24.51,185.7,8.48,1104.0,800.1,180.0,27.96680859911409
250.0,172.6,138.0,199.0,6.5,1003.5,839.2,28.0,40.77903216351765
325.6,132.6,137.0,158.33,4.14,1028.1,753.45,100.0,22.553751189462204
145.0,189.2,141.6,196.0,4.14,1111.6,806.9,365.0,60.29313755568617
167.0,17.5,113.0,145.0,12.1,909.7,845.0,3.0,38.47270766935998
303.6,22.0,109.0,171.6,6.47,1004.6,655.0,365.0,23.030183797570977
151.8,193.5,59.0,203.5,7.0,1047.4,839.2,270.0,51.967430700581346
266.2,102.0,93.9,190.6,5.2,833.0,842.6,270.0,48.428315109843794
198.6,53.8,142.8,137.8,10.8,903.0,688.0,1.0,64.40829921111401
151.8,139.0,133.0,192.94,11.66,966.0,744.0,7.0,59.17731078309913
286.3,160.5,123.0,164.9,11.25,1006.0,749.3,3.0,47.559957169632774
520.0,117.6,112.0,247.0,5.46,1005.6,764.4,90.0,68.07454559037161
139.6,139.9,160.9,184.4,11.4,867.0,824.0,3.0,69.33079841384645
255.3,141.3,163.0,154.79,16.1,1022.0,657.9,91.0,68.92937990206818
146.5,236.0,174.74,164.03,0.0,827.0,794.0,28.0,67.0754223853972
387.0,142.5,106.7,151.0,11.19,917.0,780.09,3.0,39.34489532181503
298.2,250.0,121.62,221.4,8.9,1120.0,793.5,28.0,47.471174432902735
159.0,230.5,59.0,192.7,9.9,935.0,754.3,120.0,13.443995582995022
275.0,207.0,124.25,167.5,9.61,935.7,680.0,90.0,25.694984850622816
528.0,166.8,175.0,209.7,11.66,877.0,746.8,28.0,27.37424401206478
336.5,110.5,86.0,196.0,3.93,859.0,884.3,28.0,72.48697568877148
254.0,203.5,125.18,210.0,12.0,1012.0,704.0,3.0,60.19101418741615
229.97,212.0,100.37,198.7,8.48,940.0,802.3,28.0,48.92445010341105
190.0,167.0,125.8,170.6,10.83,1040.6,813.4,3.0,11.840822790292757
356.0,137.0,174.24,146.14,8.71,940.0,753.4,3.0,21.950239478255995
